EV_ID,State_of_Health_Pct,Avg_Temperature_C,Fast_Charge_Ratio_Pct,Deep_Discharge_Cycles,Avg_Charge_Duration_Hours,Max_Temperature_C,Degradation_Rate_Pct
EV-9000,81.24,22.8,28.6,56,3.1,39.3,0.43
EV-9001,98.52,28.1,27.2,71,1.2,37.2,0.48
EV-9002,91.96,33.1,86.6,6,4.1,56.3,0.39
EV-9003,87.96,31.0,27.5,77,7.4,42.0,0.55
EV-9004,74.68,32.1,29.5,55,0.8,46.7,0.49
EV-9005,74.68,29.9,73.3,66,2.7,49.7,0.59
EV-9006,71.74,30.4,45.5,15,2.1,48.1,0.3
EV-9007,95.99,32.7,74.9,82,2.3,54.6,0.71
EV-9008,88.03,23.7,10.9,50,7.3,32.9,0.41
EV-9009,91.24,27.3,48.9,81,4.0,45.8,0.6
EV-9010,70.62,23.3,8.0,79,4.0,30.4,0.47
EV-9011,99.1,34.8,10.6,71,6.2,47.9,0.48
EV-9012,94.97,34.2,86.6,96,1.7,55.3,0.77
EV-9013,76.37,20.6,17.5,11,4.2,34.1,0.2
EV-9014,75.45,30.6,52.9,52,3.7,43.4,0.54
EV-9015,75.5,33.9,42.0,74,5.0,51.8,0.58
EV-9016,79.13,22.7,36.3,4,8.0,33.0,0.28
EV-9017,85.74,28.5,86.0,26,6.3,42.6,0.54
EV-9018,82.96,33.7,7.0,11,3.5,46.6,0.23
EV-9019,78.74,20.5,64.7,16,6.7,36.7,0.38
EV-9020,88.36,30.5,91.7,5,1.8,53.2,0.43
EV-9021,74.18,24.5,55.4,96,0.7,38.9,0.66
EV-9022,78.76,33.9,89.3,4,2.0,49.5,0.4
EV-9023,80.99,34.6,9.7,56,3.1,48.9,0.42
EV-9024,83.68,34.2,42.7,27,4.3,49.0,0.42
EV-9025,93.56,27.1,28.4,77,5.1,36.8,0.59
EV-9026,75.99,32.9,70.8,68,7.3,52.2,0.65
EV-9027,85.43,32.7,93.3,58,4.3,52.1,0.63
EV-9028,87.77,24.8,28.1,32,4.3,38.7,0.32
EV-9029,71.39,32.4,63.9,61,0.9,48.4,0.62
EV-9030,88.23,20.6,22.8,49,0.8,36.2,0.42
EV-9031,75.12,28.9,55.9,18,4.6,47.8,0.4
EV-9032,71.95,23.5,46.8,85,3.8,40.3,0.66
EV-9033,98.47,21.8,92.5,68,6.8,37.1,0.72
EV-9034,98.97,21.2,59.8,65,1.7,40.6,0.62
EV-9035,94.25,30.4,36.5,93,0.7,45.8,0.59
EV-9036,79.14,25.1,15.3,46,3.9,38.6,0.4
EV-9037,72.93,30.9,18.6,38,2.3,41.4,0.39
EV-9038,90.53,21.0,25.3,67,0.9,37.3,0.47
EV-9039,83.2,24.7,27.6,32,5.9,39.7,0.37
EV-9040,73.66,28.1,81.6,12,1.3,42.4,0.42
EV-9041,84.86,31.9,55.5,83,5.1,46.5,0.69
EV-9042,71.03,24.8,52.1,53,2.6,43.9,0.47
EV-9043,97.28,29.4,15.3,6,1.8,36.4,0.23
EV-9044,77.76,33.3,82.4,78,3.3,56.2,0.68
EV-9045,89.88,29.2,70.1,86,6.5,48.0,0.73
EV-9046,79.35,23.5,11.1,13,3.4,35.9,0.2
EV-9047,85.6,20.4,68.7,86,6.1,35.0,0.67
EV-9048,86.4,33.1,53.9,18,1.4,46.0,0.38
EV-9049,75.55,20.3,12.4,53,6.3,36.0,0.44
EV-9050,99.09,33.1,46.2,92,2.3,45.7,0.63
EV-9051,93.25,27.9,48.6,19,5.6,45.5,0.34
EV-9052,98.18,34.1,19.9,28,4.7,45.0,0.35
EV-9053,96.84,32.0,90.1,23,7.5,47.4,0.51
EV-9054,87.94,35.0,81.5,81,3.4,48.3,0.76
EV-9055,97.66,25.3,65.2,62,1.0,42.3,0.56
EV-9056,72.65,31.5,46.6,73,0.6,50.9,0.6
EV-9057,75.88,26.0,42.1,56,6.7,38.9,0.47
EV-9058,71.36,27.2,63.6,7,4.4,42.1,0.33
EV-9059,79.76,29.4,54.1,89,6.3,43.3,0.69
EV-9060,81.66,33.1,10.6,61,2.3,44.4,0.44
EV-9061,78.14,34.8,51.1,28,3.1,49.3,0.44
EV-9062,94.86,31.5,77.6,73,0.7,53.1,0.66
EV-9063,80.7,26.3,46.3,16,7.7,41.0,0.35
EV-9064,78.43,26.3,9.7,65,5.5,37.3,0.43
EV-9065,86.28,31.1,75.8,5,7.5,45.1,0.45
EV-9066,74.23,23.6,23.1,57,2.5,40.7,0.43
EV-9067,94.07,21.7,28.3,68,5.1,32.0,0.49
EV-9068,72.24,25.3,19.8,27,5.6,33.0,0.3
EV-9069,99.61,24.3,34.7,61,2.9,39.4,0.5
EV-9070,93.17,24.4,73.1,40,6.9,42.7,0.5
EV-9071,75.96,23.5,51.7,68,7.6,37.8,0.62
EV-9072,70.17,20.6,23.4,81,7.1,32.2,0.52
EV-9073,94.46,20.3,84.0,89,6.0,41.6,0.8
EV-9074,91.21,34.8,84.2,83,2.6,50.2,0.69
EV-9075,91.87,26.4,83.4,40,2.6,47.9,0.58
EV-9076,93.14,25.8,26.5,48,7.7,39.9,0.46
EV-9077,72.22,30.2,45.6,90,0.6,43.9,0.61
EV-9078,80.75,23.3,93.6,48,5.9,42.2,0.67
EV-9079,73.48,34.2,74.5,75,5.8,49.2,0.67
EV-9080,95.89,31.8,7.4,70,5.2,45.1,0.5
EV-9081,88.7,21.3,10.9,2,7.9,32.5,0.21
EV-9082,79.93,26.3,46.8,9,2.8,39.2,0.31
EV-9083,71.91,33.2,86.8,97,3.0,52.8,0.77
EV-9084,79.33,34.2,53.5,88,1.1,54.5,0.64
EV-9085,79.76,27.0,49.8,34,3.8,41.3,0.39
EV-9086,91.89,29.2,14.5,79,2.5,44.9,0.47
EV-9087,89.13,22.5,64.1,1,3.1,37.4,0.31
EV-9088,96.62,34.9,79.0,23,6.8,48.3,0.47
EV-9089,84.17,23.5,39.2,73,7.5,34.5,0.59
EV-9090,73.59,34.1,74.8,37,1.9,50.8,0.49
EV-9091,91.4,29.7,91.8,21,3.3,46.1,0.47
EV-9092,92.82,29.1,23.3,25,7.5,36.4,0.33
EV-9093,86.84,27.7,52.1,42,1.0,47.1,0.44
EV-9094,93.13,23.5,30.8,54,1.2,40.0,0.42
EV-9095,84.81,22.6,76.4,38,1.7,42.7,0.5
EV-9096,85.68,23.3,57.0,90,5.0,35.7,0.72
EV-9097,82.83,22.8,62.1,28,1.6,35.2,0.48
EV-9098,70.76,31.7,76.8,19,7.8,45.1,0.44
EV-9099,73.24,25.3,40.6,90,3.9,41.6,0.65
EV-9100,70.94,20.9,87.4,40,4.3,43.9,0.58
EV-9101,89.09,34.5,53.0,53,2.3,49.1,0.54
EV-9102,79.43,33.3,19.2,19,4.0,41.4,0.3
EV-9103,85.26,33.9,67.6,18,5.5,50.8,0.44
EV-9104,97.23,34.9,76.4,83,6.1,51.0,0.69
EV-9105,77.48,22.6,33.5,98,6.2,34.7,0.6
EV-9106,82.31,25.9,82.1,65,4.8,45.3,0.65
EV-9107,92.67,31.4,86.6,29,7.3,52.2,0.56
EV-9108,76.86,30.4,29.9,52,6.6,39.5,0.45
EV-9109,72.31,22.3,93.5,33,6.2,37.0,0.6
EV-9110,78.69,32.2,17.7,21,0.9,48.9,0.34
EV-9111,74.84,23.4,23.2,66,0.6,33.0,0.45
EV-9112,97.89,23.4,21.6,5,2.1,31.1,0.25
EV-9113,94.24,28.1,85.5,78,5.5,43.5,0.74
EV-9114,89.0,28.9,63.9,26,3.6,40.7,0.49
EV-9115,96.14,28.7,18.7,9,3.5,39.5,0.29
EV-9116,94.11,21.4,44.6,72,7.1,38.9,0.59
EV-9117,75.6,33.2,60.4,96,7.2,47.7,0.69
EV-9118,96.78,24.0,12.5,95,7.3,34.7,0.6
EV-9119,86.18,21.9,84.4,47,2.9,42.1,0.55
EV-9120,94.22,33.3,77.3,69,5.7,51.1,0.69
EV-9121,96.88,34.3,50.5,58,2.5,53.0,0.57
EV-9122,79.54,32.9,92.0,99,1.9,55.8,0.81
EV-9123,73.3,32.1,42.6,58,1.9,41.5,0.52
EV-9124,76.84,29.8,93.6,1,3.1,51.9,0.43
EV-9125,82.81,28.3,65.1,28,3.7,44.4,0.45
EV-9126,94.54,21.3,62.1,67,6.7,42.4,0.59
EV-9127,95.82,26.1,19.9,64,1.4,37.9,0.49
EV-9128,70.21,25.6,84.4,82,6.0,48.9,0.77
EV-9129,85.32,23.9,43.5,25,4.5,40.8,0.42
EV-9130,82.52,30.9,19.6,88,2.7,40.3,0.53
EV-9131,76.66,27.4,6.1,9,4.2,38.4,0.24
EV-9132,73.6,21.2,55.4,52,2.7,41.7,0.55
EV-9133,80.13,23.3,52.5,78,5.0,42.1,0.59
EV-9134,98.29,30.2,69.7,58,3.8,43.1,0.55
EV-9135,79.7,21.1,85.1,21,1.7,41.7,0.47
EV-9136,85.56,32.8,12.1,50,1.4,42.5,0.43
EV-9137,91.09,27.4,70.8,47,4.6,39.5,0.56
EV-9138,80.91,27.2,21.9,20,7.3,38.4,0.32
EV-9139,99.15,28.9,82.2,21,3.1,44.5,0.46
EV-9140,98.87,32.4,78.7,99,6.0,53.5,0.8
EV-9141,77.55,25.2,53.7,97,5.4,38.9,0.65
EV-9142,84.92,30.2,68.9,29,7.5,50.4,0.46
EV-9143,79.03,28.5,33.3,24,6.7,36.8,0.36
EV-9144,78.55,24.0,47.4,27,4.7,36.8,0.36
EV-9145,71.11,33.2,78.9,64,5.4,48.5,0.68
EV-9146,88.29,32.0,46.3,44,7.2,44.0,0.44
EV-9147,85.08,29.9,37.2,67,3.5,39.3,0.54
EV-9148,71.54,32.8,49.5,6,3.0,44.6,0.31
EV-9149,78.36,33.0,79.5,48,0.6,51.5,0.59
EV-9150,97.25,30.6,35.2,8,6.7,42.0,0.25
EV-9151,77.19,32.6,20.6,35,6.5,43.8,0.3
EV-9152,74.35,30.5,69.1,82,1.3,46.2,0.73
EV-9153,84.68,30.2,79.3,0,4.8,51.9,0.36
EV-9154,99.57,29.3,14.1,9,4.0,44.8,0.26
EV-9155,77.26,31.3,26.6,35,1.4,43.9,0.42
EV-9156,90.16,22.4,17.8,72,7.9,32.5,0.46
EV-9157,92.85,33.2,36.3,45,2.1,42.9,0.42
EV-9158,77.13,33.1,45.5,31,1.0,52.2,0.43
EV-9159,91.85,20.4,72.4,31,5.0,33.2,0.54
EV-9160,81.03,32.4,63.6,5,6.0,46.7,0.4
EV-9161,88.97,21.9,60.9,47,0.7,36.0,0.52
EV-9162,89.01,25.0,36.7,37,5.4,36.9,0.44
EV-9163,86.07,31.2,80.7,16,4.5,45.9,0.42
EV-9164,72.71,22.4,47.4,73,1.3,40.0,0.63
EV-9165,95.06,32.3,93.1,26,1.8,47.8,0.58
EV-9166,79.62,32.5,62.1,53,4.8,50.1,0.51
EV-9167,75.6,27.6,16.4,49,2.7,35.5,0.38
EV-9168,71.22,20.1,65.9,34,7.5,32.4,0.44
EV-9169,87.73,24.3,34.3,84,6.6,41.8,0.57
EV-9170,90.33,29.3,66.8,24,7.9,42.9,0.48
EV-9171,70.5,34.7,11.3,27,2.4,49.0,0.28
EV-9172,85.36,29.5,20.7,14,7.8,42.0,0.23
EV-9173,76.79,23.9,82.0,3,3.7,37.9,0.39
EV-9174,89.36,29.5,25.4,92,3.1,46.6,0.64
EV-9175,75.23,28.1,80.3,72,0.9,43.6,0.69
EV-9176,90.73,31.7,30.1,26,0.9,48.3,0.34
EV-9177,81.6,21.6,62.9,25,5.7,34.6,0.41
EV-9178,98.1,31.4,67.5,18,3.9,51.7,0.47
EV-9179,74.13,28.1,51.1,91,2.2,38.3,0.7
EV-9180,80.23,34.4,32.5,16,5.1,47.8,0.29
EV-9181,73.4,25.1,24.1,42,2.4,40.2,0.35
EV-9182,97.74,29.5,8.0,40,4.8,44.6,0.29
EV-9183,96.32,34.0,32.4,41,3.2,51.3,0.37
EV-9184,77.74,21.5,63.8,49,6.7,41.1,0.55
EV-9185,89.8,34.1,89.4,83,6.7,56.9,0.79
EV-9186,94.52,30.3,83.4,39,4.1,45.6,0.56
EV-9187,86.66,21.0,73.9,38,3.1,36.2,0.56
EV-9188,85.89,24.5,76.0,22,3.2,40.0,0.46
EV-9189,77.26,30.6,64.8,95,6.5,45.9,0.75
EV-9190,72.79,21.0,28.4,51,3.0,32.8,0.46
EV-9191,96.92,28.7,86.6,46,2.1,47.8,0.56
EV-9192,97.01,25.2,65.4,62,1.1,38.3,0.58
EV-9193,88.99,29.3,55.4,96,4.0,46.8,0.71
EV-9194,80.17,20.7,15.0,68,4.1,28.9,0.42
EV-9195,80.48,33.1,45.2,42,6.8,45.7,0.44
EV-9196,91.78,34.6,46.4,47,2.2,49.3,0.48
EV-9197,96.91,34.5,82.8,33,3.4,55.7,0.58
EV-9198,96.61,31.2,54.2,39,6.6,49.0,0.47
EV-9199,93.4,22.0,39.2,74,6.7,37.4,0.6
EV-9200,89.26,31.4,92.9,60,3.4,47.2,0.66
EV-9201,72.52,20.4,15.0,49,3.9,32.4,0.42
EV-9202,74.85,20.3,43.0,66,2.8,30.5,0.55
EV-9203,96.96,24.9,8.8,61,7.5,34.6,0.46
EV-9204,88.19,27.3,71.6,57,1.4,43.6,0.58
EV-9205,70.28,31.6,87.6,32,7.5,45.8,0.55
EV-9206,73.04,30.2,30.2,74,5.6,41.0,0.55
EV-9207,89.91,26.7,82.3,15,4.5,49.5,0.45
EV-9208,70.15,24.1,31.3,81,0.7,41.8,0.53
EV-9209,74.82,35.0,87.0,93,4.1,52.2,0.74
EV-9210,86.46,26.4,72.9,47,3.6,39.1,0.51
EV-9211,90.76,26.8,77.4,9,1.7,41.3,0.46
EV-9212,89.56,22.5,6.6,81,5.4,32.1,0.47
EV-9213,76.73,31.9,91.7,37,7.8,55.5,0.54
EV-9214,91.37,30.4,70.4,18,4.7,43.9,0.46
EV-9215,77.12,23.3,32.4,35,5.9,39.2,0.37
EV-9216,79.76,21.2,79.6,58,1.0,35.2,0.62
EV-9217,92.39,30.2,30.3,62,3.6,48.0,0.46
EV-9218,89.49,29.8,83.5,76,1.4,47.0,0.75
EV-9219,95.48,24.1,15.1,45,5.1,38.4,0.41
EV-9220,89.73,34.3,68.3,2,7.5,49.6,0.4
EV-9221,87.05,22.3,53.7,73,5.5,38.9,0.59
EV-9222,72.81,26.5,13.7,64,1.1,34.8,0.47
EV-9223,81.03,34.2,26.8,90,3.2,43.3,0.55
EV-9224,77.96,26.3,6.1,7,4.6,41.3,0.15
EV-9225,77.32,29.6,47.2,50,3.5,48.5,0.44
EV-9226,99.19,26.0,32.1,80,6.8,43.1,0.57
EV-9227,81.79,24.1,58.9,72,6.6,41.2,0.61
EV-9228,96.76,34.8,31.8,5,5.1,51.1,0.27
EV-9229,88.93,26.1,32.0,88,3.3,35.0,0.55
EV-9230,93.84,33.4,71.9,38,2.4,48.9,0.51
EV-9231,85.08,23.4,9.3,59,1.3,32.5,0.44
EV-9232,87.31,23.2,86.3,27,3.2,43.2,0.51
EV-9233,84.78,20.5,81.7,96,3.6,37.2,0.8
EV-9234,75.86,29.8,65.1,53,5.6,42.8,0.53
EV-9235,91.67,25.5,58.4,36,5.4,42.3,0.5
EV-9236,78.42,33.0,85.3,8,1.0,54.7,0.45
EV-9237,70.73,27.1,21.7,81,3.5,38.1,0.51
EV-9238,89.36,34.5,12.1,55,1.9,42.0,0.38
EV-9239,75.31,22.8,26.6,58,1.7,32.4,0.47
EV-9240,98.21,33.0,76.5,84,6.7,48.0,0.75
EV-9241,98.62,31.6,8.1,1,0.8,40.4,0.17
EV-9242,97.45,31.6,57.5,60,3.6,48.8,0.54
EV-9243,81.1,32.7,94.6,57,1.8,53.2,0.7
EV-9244,70.46,31.4,82.0,59,7.1,51.6,0.65
EV-9245,97.85,29.4,51.9,39,4.7,43.2,0.46
EV-9246,82.85,22.0,10.7,35,2.2,36.3,0.32
EV-9247,99.0,20.5,79.8,36,4.3,35.5,0.5
EV-9248,98.91,33.8,58.9,78,6.0,49.4,0.65
EV-9249,95.59,29.2,15.3,91,7.7,43.7,0.55
EV-9250,78.83,31.9,13.4,17,2.2,40.0,0.31
EV-9251,81.55,27.2,86.9,97,7.1,42.0,0.8
EV-9252,95.53,21.8,65.2,62,7.5,42.2,0.59
EV-9253,79.51,21.9,79.6,21,7.4,38.3,0.48
EV-9254,75.08,30.3,84.1,10,5.3,50.5,0.48
EV-9255,86.7,26.5,56.5,57,5.2,37.4,0.58
EV-9256,98.08,23.0,51.6,56,3.5,40.1,0.52
EV-9257,90.88,27.4,43.7,76,6.1,39.9,0.61
EV-9258,87.1,21.0,33.5,3,4.5,29.9,0.27
EV-9259,72.92,28.7,44.1,85,5.6,44.2,0.62
EV-9260,88.45,24.0,74.6,6,3.7,38.9,0.37
EV-9261,99.7,32.0,59.2,60,6.0,46.8,0.56
EV-9262,74.2,24.7,85.3,53,6.7,39.0,0.59
EV-9263,85.55,26.8,44.9,87,1.6,37.8,0.67
EV-9264,96.32,20.2,59.6,67,6.7,34.1,0.58
EV-9265,92.22,21.1,61.8,91,4.6,33.2,0.74
EV-9266,90.91,25.9,58.3,78,6.8,45.8,0.64
EV-9267,91.07,27.2,68.2,0,3.7,39.1,0.37
EV-9268,80.78,29.0,26.4,54,3.3,41.5,0.45
EV-9269,78.81,24.4,51.1,2,7.4,35.7,0.27
EV-9270,94.28,30.4,14.4,77,2.4,39.9,0.49
EV-9271,94.3,32.9,39.6,37,6.8,51.1,0.38
EV-9272,96.01,31.7,48.9,0,4.1,43.2,0.31
EV-9273,97.4,20.6,63.7,37,4.4,41.6,0.48
EV-9274,85.34,27.2,90.5,84,2.8,43.3,0.79
EV-9275,85.05,21.6,59.1,28,4.8,39.9,0.41
EV-9276,93.95,23.6,71.9,4,2.9,41.3,0.35
EV-9277,89.5,34.8,50.6,73,0.8,53.7,0.58
EV-9278,91.06,22.1,62.1,91,2.5,38.8,0.74
EV-9279,93.87,27.5,11.4,20,0.5,39.0,0.29
EV-9280,96.7,29.3,27.9,70,7.8,39.0,0.51
EV-9281,80.14,30.5,37.6,66,7.7,40.9,0.53
EV-9282,81.27,28.4,47.5,46,3.5,47.3,0.43
EV-9283,72.82,20.1,9.1,83,6.0,29.3,0.56
EV-9284,87.35,24.9,17.6,82,3.1,35.4,0.55
EV-9285,71.08,27.8,29.9,34,5.5,43.4,0.35
EV-9286,83.97,21.3,92.4,67,6.5,38.9,0.7
EV-9287,86.28,25.3,34.8,68,7.6,43.3,0.49
EV-9288,78.6,20.5,48.4,0,3.5,37.7,0.34
EV-9289,87.72,21.2,22.6,67,6.4,34.4,0.45
EV-9290,70.92,26.0,60.0,11,2.5,45.8,0.39
EV-9291,71.12,22.0,30.3,59,7.9,30.5,0.45
EV-9292,94.68,28.5,23.6,26,0.7,38.4,0.35
EV-9293,80.81,30.3,51.5,55,5.0,45.1,0.55
EV-9294,73.81,32.0,5.5,22,5.4,39.8,0.27
EV-9295,85.67,23.0,5.7,24,5.7,36.0,0.27
EV-9296,93.1,22.5,24.7,20,1.4,39.2,0.34
EV-9297,76.47,21.6,8.3,60,7.5,31.7,0.37
EV-9298,88.69,29.5,14.7,62,1.9,39.4,0.43
EV-9299,72.56,30.6,35.5,51,5.2,48.8,0.44
EV-9300,71.55,20.5,77.2,87,2.2,37.7,0.78
EV-9301,85.94,34.0,56.5,24,2.8,49.5,0.4
EV-9302,86.22,20.8,51.1,54,4.6,34.4,0.54
EV-9303,89.12,28.1,31.4,45,3.6,45.3,0.44
EV-9304,91.78,30.6,88.9,31,1.7,50.2,0.51
EV-9305,99.28,33.1,40.7,54,1.8,49.8,0.46
EV-9306,85.49,30.7,12.8,95,3.6,45.1,0.55
EV-9307,79.69,32.0,60.5,4,6.2,46.5,0.34
EV-9308,93.86,25.1,15.2,35,7.2,36.0,0.31
EV-9309,78.12,32.2,36.1,48,1.1,49.3,0.4
EV-9310,83.17,21.2,50.7,57,3.4,34.9,0.57
EV-9311,72.35,33.4,83.7,38,1.3,54.7,0.6
EV-9312,70.76,28.2,49.4,79,0.6,47.5,0.6
EV-9313,98.88,32.3,68.2,96,5.5,50.4,0.72
EV-9314,95.08,26.8,94.4,84,5.0,48.7,0.72
EV-9315,90.88,29.7,16.8,60,1.7,44.4,0.46
EV-9316,82.27,27.9,29.7,8,2.3,44.3,0.3
EV-9317,75.2,31.0,40.5,5,0.7,44.0,0.26
EV-9318,74.69,21.2,43.0,34,6.8,31.0,0.38
EV-9319,77.51,20.9,42.0,38,7.8,34.1,0.46
EV-9320,86.48,23.7,86.7,21,1.5,44.1,0.51
EV-9321,91.44,22.4,69.3,40,2.2,38.8,0.47
EV-9322,89.81,33.1,59.7,4,7.0,51.6,0.36
EV-9323,78.4,23.3,32.8,41,7.4,35.1,0.39
EV-9324,98.65,34.6,79.1,86,3.6,53.9,0.72
EV-9325,92.14,25.1,91.0,80,0.9,41.1,0.77
EV-9326,86.63,22.7,78.9,75,0.8,43.1,0.72
EV-9327,88.35,31.8,5.1,86,4.8,42.8,0.5
EV-9328,82.59,29.9,62.3,79,3.4,43.2,0.7
EV-9329,77.43,27.5,9.6,66,0.7,36.4,0.43
EV-9330,80.68,28.3,28.2,29,4.9,43.6,0.38
EV-9331,92.74,30.8,10.4,56,0.6,41.7,0.4
EV-9332,70.43,23.4,59.3,85,6.4,36.5,0.71
EV-9333,73.48,34.9,66.8,72,2.8,56.3,0.68
EV-9334,71.38,34.6,15.3,28,0.8,48.3,0.27
EV-9335,71.22,29.8,39.5,36,4.9,48.3,0.46
EV-9336,95.66,23.0,46.1,86,3.5,36.9,0.66
EV-9337,91.11,30.2,38.2,12,7.8,43.8,0.34
EV-9338,84.23,21.1,15.9,31,4.6,36.7,0.29
EV-9339,72.94,20.5,42.7,45,2.6,35.0,0.49
EV-9340,84.75,23.9,72.6,22,5.8,43.2,0.49
EV-9341,84.2,26.9,11.4,44,2.5,35.6,0.34
EV-9342,75.2,33.0,12.2,16,7.3,43.7,0.3
EV-9343,83.02,30.9,36.9,84,3.3,40.8,0.55
EV-9344,81.96,31.1,89.8,65,4.6,47.1,0.64
EV-9345,88.48,26.4,65.2,5,0.9,37.9,0.37
EV-9346,89.05,25.2,66.1,17,3.7,37.2,0.42
EV-9347,71.36,25.6,37.6,93,6.7,44.1,0.65
EV-9348,81.24,34.8,58.4,21,6.5,48.1,0.36
EV-9349,88.78,20.6,5.9,32,2.2,32.8,0.34
EV-9350,85.09,33.0,62.2,29,2.2,52.6,0.41
EV-9351,95.69,28.7,87.2,80,6.6,47.9,0.7
EV-9352,89.76,26.6,60.1,31,7.5,39.1,0.41
EV-9353,74.89,30.9,83.6,41,1.2,51.5,0.57
EV-9354,72.12,27.3,70.2,77,3.9,45.3,0.71
EV-9355,89.27,33.1,15.9,9,3.0,47.0,0.25
EV-9356,70.8,33.5,86.2,35,7.0,54.8,0.58
EV-9357,87.57,26.3,11.0,33,1.1,42.2,0.27
EV-9358,98.21,24.2,53.1,72,2.1,40.2,0.6
EV-9359,87.26,28.9,17.8,27,6.1,39.1,0.31
EV-9360,81.65,33.7,6.1,10,0.9,45.8,0.21
EV-9361,89.3,23.2,43.0,77,4.2,33.2,0.54
EV-9362,83.75,29.3,31.6,38,3.8,46.4,0.42
EV-9363,86.37,29.5,48.7,46,3.0,40.6,0.48
EV-9364,98.24,31.0,56.9,18,3.5,45.0,0.42
EV-9365,81.58,22.0,8.9,14,4.5,36.0,0.23
EV-9366,98.84,30.7,16.1,27,1.7,43.3,0.27
EV-9367,97.16,33.6,55.3,23,4.8,48.1,0.42
EV-9368,75.87,22.7,35.9,71,6.5,36.0,0.51
EV-9369,72.08,23.6,70.6,8,6.2,44.2,0.43
EV-9370,73.02,34.6,63.7,46,1.7,49.4,0.54
EV-9371,70.55,22.7,81.1,32,1.6,44.5,0.49
EV-9372,72.83,32.8,67.3,61,2.5,45.4,0.64
EV-9373,90.49,27.4,43.7,96,3.2,44.5,0.67
EV-9374,72.14,23.7,65.6,18,3.6,43.7,0.38
EV-9375,79.57,33.1,29.8,66,5.6,42.9,0.52
EV-9376,95.35,26.7,32.6,73,0.9,39.3,0.52
EV-9377,70.7,27.7,76.0,39,0.8,42.0,0.56
EV-9378,94.43,25.4,45.2,46,3.4,42.0,0.5
EV-9379,78.46,28.9,76.9,64,5.7,46.9,0.68
EV-9380,73.54,22.5,79.0,28,2.0,41.8,0.5
EV-9381,90.9,25.9,82.2,49,5.3,41.1,0.59
EV-9382,88.87,34.5,87.5,97,2.4,50.4,0.83
EV-9383,96.32,23.9,43.8,12,7.1,33.7,0.29
EV-9384,92.05,29.9,33.7,0,7.2,41.5,0.26
EV-9385,94.1,24.9,57.4,33,2.7,41.2,0.46
EV-9386,78.46,31.6,38.4,92,2.2,49.0,0.59
EV-9387,75.32,22.0,59.1,47,3.6,39.6,0.51
EV-9388,92.52,34.5,68.5,76,2.3,50.7,0.69
EV-9389,94.21,26.8,67.0,47,5.5,48.0,0.57
EV-9390,99.72,23.5,38.7,48,6.7,39.6,0.42
EV-9391,82.38,21.1,20.0,63,5.5,37.4,0.42
EV-9392,81.16,22.5,43.7,60,6.7,37.1,0.5
EV-9393,93.29,27.8,17.8,28,3.5,37.2,0.35
EV-9394,80.22,25.1,85.1,38,1.7,39.1,0.52
EV-9395,97.92,32.4,36.1,87,6.0,48.3,0.63
EV-9396,95.75,26.5,18.9,25,3.2,34.6,0.27
EV-9397,82.87,23.7,7.3,16,5.5,32.5,0.25
EV-9398,92.53,29.3,63.1,70,2.5,45.9,0.6
EV-9399,92.64,30.6,62.3,12,1.1,47.5,0.41
EV-9400,73.09,22.5,35.7,68,7.9,37.1,0.5
EV-9401,97.08,22.5,11.5,25,1.7,30.3,0.3
EV-9402,85.16,20.6,41.9,48,7.9,33.6,0.44
EV-9403,94.79,31.0,33.0,66,7.8,45.5,0.53
EV-9404,79.6,30.0,65.9,6,6.5,51.3,0.41
EV-9405,96.87,27.1,59.5,57,5.4,45.3,0.52
EV-9406,81.68,32.7,37.8,48,4.8,50.7,0.49
EV-9407,70.33,32.1,24.6,52,7.0,47.2,0.44
EV-9408,97.16,28.8,93.9,64,2.7,49.1,0.65
EV-9409,72.74,33.0,45.9,61,4.0,44.5,0.52
EV-9410,79.58,23.1,66.9,16,5.1,41.5,0.38
EV-9411,98.5,21.7,17.6,42,3.6,34.7,0.39
EV-9412,98.52,24.0,48.7,24,3.7,39.9,0.42
EV-9413,87.2,20.9,7.5,2,3.0,31.5,0.14
EV-9414,88.96,28.0,50.5,78,4.7,43.3,0.61
EV-9415,83.45,34.0,91.8,28,6.9,51.5,0.57
EV-9416,78.8,20.6,39.6,31,2.0,34.8,0.44
EV-9417,79.86,21.8,8.5,25,7.5,29.6,0.28
EV-9418,90.18,26.8,7.8,15,5.7,40.6,0.28
EV-9419,92.57,34.0,39.9,24,6.7,44.8,0.37
EV-9420,93.75,24.7,19.4,53,4.7,32.5,0.41
EV-9421,93.69,27.6,7.1,27,6.3,37.7,0.31
EV-9422,72.74,20.6,73.1,72,0.6,39.5,0.66
EV-9423,84.83,22.2,46.3,55,6.6,36.2,0.51
EV-9424,71.73,34.8,31.0,64,0.8,45.7,0.5
EV-9425,86.49,34.5,86.0,92,7.2,53.7,0.81
EV-9426,83.25,20.1,15.5,85,7.9,30.1,0.57
EV-9427,96.63,34.3,91.0,79,2.7,57.7,0.73
EV-9428,80.53,29.6,33.3,40,2.1,47.2,0.39
EV-9429,73.51,33.0,85.0,50,6.2,51.5,0.6
EV-9430,74.29,26.8,59.3,70,2.4,41.0,0.62
EV-9431,92.85,27.7,79.4,77,7.0,48.0,0.67
EV-9432,88.55,27.3,93.6,28,1.3,42.0,0.57
EV-9433,73.03,30.0,31.0,82,1.4,42.8,0.57
EV-9434,72.52,22.1,91.5,18,7.8,39.6,0.48
EV-9435,91.03,20.4,40.1,65,5.6,38.6,0.49
EV-9436,72.18,24.6,39.7,40,6.9,33.7,0.4
EV-9437,94.66,30.6,35.6,44,2.9,44.7,0.48
EV-9438,91.19,23.0,53.7,14,5.6,40.8,0.35
EV-9439,72.44,30.1,18.9,2,5.0,41.8,0.18
EV-9440,72.55,34.5,54.8,10,5.0,45.8,0.35
EV-9441,99.6,21.4,53.8,52,5.6,41.5,0.5
EV-9442,81.23,30.1,73.6,45,4.8,47.6,0.5
EV-9443,81.12,26.7,80.0,29,3.7,45.8,0.49
EV-9444,94.38,33.0,44.6,56,2.6,44.8,0.51
EV-9445,98.42,22.7,32.2,17,6.3,35.8,0.32
EV-9446,99.58,30.4,28.3,50,2.2,42.5,0.42
EV-9447,92.6,32.6,22.5,47,5.7,40.6,0.4
EV-9448,81.29,34.2,10.2,65,2.2,41.3,0.49
EV-9449,72.51,30.2,35.8,95,5.2,47.2,0.63
EV-9450,93.31,27.5,29.3,7,6.1,37.8,0.24
EV-9451,86.75,29.3,92.0,21,2.1,45.4,0.48
EV-9452,82.73,33.0,55.2,5,0.9,48.6,0.33
EV-9453,97.19,28.6,36.3,75,1.5,44.9,0.58
EV-9454,73.34,20.5,57.2,56,5.0,31.8,0.52
EV-9455,84.78,34.0,17.5,35,6.9,46.5,0.36
EV-9456,70.34,30.3,45.0,78,0.8,41.0,0.55
EV-9457,84.06,30.1,61.4,91,6.0,41.6,0.69
EV-9458,71.69,23.2,49.0,56,3.1,33.6,0.55
EV-9459,73.56,29.9,41.2,48,4.1,47.4,0.45
EV-9460,73.53,25.9,94.4,44,7.5,41.5,0.62
EV-9461,89.48,29.8,84.2,81,3.0,43.7,0.7
EV-9462,92.38,21.6,61.1,65,4.0,37.1,0.62
EV-9463,87.5,29.9,56.2,76,0.6,49.0,0.58
EV-9464,98.87,35.0,60.9,44,1.1,48.7,0.54
EV-9465,81.25,20.7,23.1,78,2.4,32.2,0.5
EV-9466,78.57,34.7,40.6,19,0.7,44.2,0.39
EV-9467,96.06,26.1,8.6,63,5.2,36.5,0.41
EV-9468,76.71,33.1,47.8,92,3.7,48.7,0.68
EV-9469,98.9,31.7,53.9,92,4.6,47.8,0.66
EV-9470,70.36,28.5,25.5,66,1.8,39.4,0.53
EV-9471,99.1,31.1,91.8,82,2.7,48.4,0.72
EV-9472,71.29,33.2,86.9,2,5.5,48.0,0.39
EV-9473,96.73,26.1,70.0,53,7.7,41.8,0.57
EV-9474,85.83,24.9,53.0,77,0.9,36.2,0.58
EV-9475,99.79,30.0,83.3,63,7.2,51.0,0.62
EV-9476,72.21,32.1,16.8,39,4.8,48.4,0.4
EV-9477,86.62,31.4,76.1,58,4.7,53.7,0.66
EV-9478,99.08,32.0,16.2,54,4.3,47.3,0.4
EV-9479,85.69,26.5,76.5,61,1.0,45.2,0.67
EV-9480,88.88,32.3,29.8,3,1.2,47.3,0.26
EV-9481,90.87,21.8,83.9,59,5.0,38.0,0.61
EV-9482,83.64,28.2,90.0,74,3.1,48.5,0.74
EV-9483,88.83,20.1,18.4,94,7.4,31.5,0.6
EV-9484,87.53,24.9,46.6,95,3.5,39.4,0.72
EV-9485,97.03,25.5,93.3,90,1.6,47.4,0.77
EV-9486,71.36,25.9,48.5,29,5.9,38.6,0.43
EV-9487,78.43,30.4,82.7,1,2.7,46.9,0.36
EV-9488,98.51,25.8,58.0,61,4.4,45.8,0.53
EV-9489,96.71,26.7,38.8,48,5.7,36.1,0.41
EV-9490,83.67,23.6,30.7,8,7.3,36.5,0.32
EV-9491,88.6,25.6,23.3,91,6.4,42.1,0.61
EV-9492,78.32,23.4,73.6,30,5.6,41.9,0.52
EV-9493,75.64,21.1,39.8,97,5.6,35.5,0.66
EV-9494,83.91,29.1,51.0,60,7.6,41.7,0.52
EV-9495,80.6,30.0,49.3,78,2.7,43.4,0.58
EV-9496,87.51,29.3,57.0,47,0.5,48.5,0.49
EV-9497,72.33,27.0,82.9,24,2.5,45.9,0.48
EV-9498,99.23,25.7,93.3,35,2.1,45.2,0.6
EV-9499,99.59,33.0,41.7,7,5.5,43.2,0.31
EV-9500,90.94,27.8,79.5,72,5.3,40.9,0.63
EV-9501,86.08,27.2,73.8,57,5.0,49.2,0.55
EV-9502,79.29,20.4,56.6,44,0.6,34.8,0.46
EV-9503,94.41,25.1,91.0,61,6.0,45.2,0.66
EV-9504,90.54,25.7,23.0,38,2.9,33.8,0.41
EV-9505,74.88,26.0,14.8,95,5.5,39.3,0.59
EV-9506,97.33,28.7,81.9,57,4.7,51.2,0.65
EV-9507,94.68,28.0,44.5,80,3.1,43.2,0.6
EV-9508,98.49,29.1,81.2,98,1.5,43.5,0.77
EV-9509,91.77,31.5,85.4,82,1.2,50.9,0.7
EV-9510,88.4,32.2,10.6,63,6.7,45.9,0.47
EV-9511,82.55,30.8,84.5,43,7.4,48.3,0.6
EV-9512,97.98,34.3,45.3,28,5.4,52.6,0.36
EV-9513,95.98,20.3,50.9,58,1.3,36.9,0.54
EV-9514,71.36,22.9,61.4,70,3.5,43.0,0.61
EV-9515,70.79,20.1,88.4,91,6.0,40.2,0.79
EV-9516,81.29,29.7,6.7,8,6.3,36.7,0.25
EV-9517,94.32,33.5,47.9,91,1.4,46.4,0.67
EV-9518,99.62,23.7,66.9,5,0.5,37.4,0.37
EV-9519,74.51,33.9,70.0,28,5.8,55.0,0.43
EV-9520,87.82,20.9,67.3,57,3.2,40.2,0.54
EV-9521,81.43,34.0,17.1,16,2.4,47.5,0.23
EV-9522,99.1,25.3,31.9,15,0.6,36.5,0.26
EV-9523,95.26,21.5,37.3,86,4.6,32.1,0.63
EV-9524,95.15,27.3,77.4,94,6.9,47.6,0.78
EV-9525,84.06,23.9,30.1,2,7.7,36.7,0.21
EV-9526,82.44,24.3,24.0,20,4.7,34.0,0.34
EV-9527,78.2,24.6,91.2,63,4.4,44.9,0.64
EV-9528,71.69,32.0,5.8,89,1.1,38.0,0.5
EV-9529,95.94,28.1,94.8,35,4.6,45.8,0.55
EV-9530,94.39,24.7,65.9,85,3.3,41.0,0.67
EV-9531,99.99,29.2,79.6,61,5.1,43.6,0.61
EV-9532,99.9,30.7,31.5,41,3.4,48.7,0.41
EV-9533,86.66,24.1,6.3,75,2.3,31.8,0.46
EV-9534,93.07,26.2,71.4,41,1.2,39.6,0.58
EV-9535,98.34,21.8,80.1,60,2.9,36.8,0.59
EV-9536,95.49,22.7,71.6,12,1.2,42.6,0.38
EV-9537,77.42,30.2,17.9,10,1.8,41.2,0.2
EV-9538,83.52,22.7,72.8,53,7.9,40.6,0.59
EV-9539,73.87,27.9,74.2,15,3.8,40.5,0.39
EV-9540,98.62,30.6,64.3,7,4.5,42.4,0.4
EV-9541,88.19,21.6,74.0,58,7.1,38.5,0.61
EV-9542,76.86,28.5,81.1,56,8.0,49.8,0.62
EV-9543,90.15,23.8,60.2,39,4.9,43.7,0.49
EV-9544,88.54,34.4,13.0,58,6.6,41.6,0.39
EV-9545,80.74,27.3,48.9,1,3.0,42.6,0.27
EV-9546,73.41,32.1,12.0,93,2.8,47.4,0.54
EV-9547,90.15,28.3,41.7,93,3.5,41.3,0.66
EV-9548,85.61,20.7,41.6,75,5.5,38.2,0.55
EV-9549,93.17,29.5,10.9,9,5.6,36.9,0.18
EV-9550,85.6,34.3,36.4,43,2.9,52.3,0.48
EV-9551,95.57,29.0,15.0,10,1.5,43.0,0.19
EV-9552,86.56,32.3,77.7,78,5.2,54.5,0.73
EV-9553,86.83,33.3,90.3,79,1.5,54.1,0.77
EV-9554,96.3,23.4,11.5,80,4.8,33.2,0.48
EV-9555,82.1,23.2,91.0,89,5.7,46.7,0.74
EV-9556,74.02,29.2,52.0,1,5.8,42.2,0.27
EV-9557,70.86,26.2,32.0,49,6.2,37.7,0.46
EV-9558,92.65,32.6,11.9,11,7.0,45.8,0.24
EV-9559,88.61,33.5,50.1,89,4.2,51.2,0.68
EV-9560,91.12,25.3,76.5,22,6.0,47.2,0.51
EV-9561,76.39,23.6,68.6,17,5.1,37.5,0.44
EV-9562,74.09,31.7,9.5,61,1.9,45.6,0.39
EV-9563,70.44,24.1,11.6,95,0.7,37.6,0.54
EV-9564,80.52,32.3,41.3,61,2.6,42.1,0.55
EV-9565,87.7,26.4,31.6,37,3.8,38.4,0.36
EV-9566,81.77,30.0,25.9,66,5.1,40.4,0.45
EV-9567,83.12,21.4,30.3,37,6.9,32.5,0.41
EV-9568,97.12,29.4,77.3,66,2.0,52.0,0.64
EV-9569,80.45,26.8,88.6,93,1.4,47.1,0.83
EV-9570,85.42,28.8,41.5,60,7.7,45.1,0.53
EV-9571,93.51,22.5,86.5,0,1.3,45.9,0.37
EV-9572,81.9,31.1,33.9,93,4.1,43.3,0.67
EV-9573,88.66,32.9,47.9,44,4.9,50.7,0.45
EV-9574,95.87,23.3,25.3,95,4.6,35.2,0.59
EV-9575,98.49,21.4,62.6,27,1.1,41.4,0.44
EV-9576,74.41,20.4,93.1,20,0.9,36.5,0.46
EV-9577,97.8,29.6,59.3,12,1.3,50.0,0.38
EV-9578,84.76,29.1,37.2,26,4.9,40.0,0.33
EV-9579,77.75,28.2,63.3,99,4.6,42.8,0.73
EV-9580,83.77,23.5,16.1,6,2.3,37.7,0.21
EV-9581,99.4,25.9,85.0,21,5.3,43.3,0.52
EV-9582,84.78,28.9,50.3,73,6.7,45.0,0.62
EV-9583,79.86,27.5,45.4,52,0.8,41.5,0.46
EV-9584,89.0,34.8,57.7,78,4.2,53.0,0.62
EV-9585,77.2,22.0,61.2,78,5.7,35.4,0.63
EV-9586,72.28,30.4,11.5,3,2.4,37.1,0.16
EV-9587,73.87,26.1,66.4,95,2.8,40.7,0.76
EV-9588,73.84,26.4,26.8,22,5.1,38.8,0.34
EV-9589,74.56,30.8,69.3,69,7.2,44.4,0.6
EV-9590,74.16,30.4,79.0,87,6.6,46.8,0.72
EV-9591,89.23,34.9,77.4,83,4.9,51.6,0.67
EV-9592,75.46,21.9,54.7,83,6.0,32.9,0.66
EV-9593,80.37,21.6,51.8,75,3.2,37.6,0.57
EV-9594,96.9,30.9,17.9,32,5.3,46.5,0.38
EV-9595,84.22,28.7,74.8,27,4.0,42.7,0.51
EV-9596,90.03,24.1,29.4,7,1.9,38.0,0.26
EV-9597,75.17,21.2,49.7,0,5.8,37.8,0.31
EV-9598,75.77,21.3,30.6,36,4.7,33.6,0.43
EV-9599,71.23,33.4,17.0,62,3.2,47.1,0.45
EV-9600,75.07,22.9,61.7,21,7.3,38.2,0.39
EV-9601,78.36,24.9,9.9,69,0.7,35.9,0.44
EV-9602,75.31,23.4,72.4,20,2.9,35.7,0.48
EV-9603,72.66,25.3,33.6,95,0.9,40.6,0.65
EV-9604,73.62,21.0,5.0,34,6.2,33.1,0.32
EV-9605,83.82,27.8,51.0,78,5.8,38.3,0.65
EV-9606,76.19,21.0,9.2,4,3.0,30.6,0.23
EV-9607,80.93,32.0,29.9,59,5.6,49.8,0.52
EV-9608,85.1,23.5,68.6,45,3.5,39.6,0.5
EV-9609,90.71,28.1,10.6,49,6.2,39.2,0.38
EV-9610,71.18,33.2,80.5,47,3.9,55.3,0.6
EV-9611,93.98,29.8,5.3,5,3.6,42.5,0.21
EV-9612,88.84,28.0,27.2,88,7.5,41.5,0.59
EV-9613,72.45,24.9,71.7,55,2.4,45.0,0.55
EV-9614,96.21,25.0,33.5,58,1.4,42.0,0.51
EV-9615,97.63,30.0,14.2,28,4.9,41.0,0.33
EV-9616,71.83,34.9,37.4,70,7.8,48.4,0.5
EV-9617,78.31,29.9,29.3,76,3.3,41.7,0.54
EV-9618,94.19,28.4,80.8,17,1.0,51.1,0.43
EV-9619,92.45,31.0,33.2,1,3.0,46.3,0.24
EV-9620,75.54,27.0,76.0,7,4.3,40.4,0.36
EV-9621,76.28,20.9,85.3,74,1.7,43.1,0.69
EV-9622,81.11,28.4,44.0,96,5.4,42.6,0.67
EV-9623,84.54,34.4,86.9,53,8.0,48.8,0.63
EV-9624,88.55,22.6,39.0,37,3.9,37.0,0.43
EV-9625,81.07,30.4,91.8,47,3.2,48.8,0.65
EV-9626,83.88,23.0,13.0,26,3.5,38.1,0.26
EV-9627,92.42,28.0,66.8,19,1.4,41.7,0.39
EV-9628,71.1,21.5,49.4,11,7.1,39.7,0.38
EV-9629,77.57,26.8,39.9,42,3.6,41.4,0.4
EV-9630,91.4,31.3,61.9,60,3.4,43.0,0.62
EV-9631,96.86,25.2,68.3,30,5.4,46.7,0.51
EV-9632,85.35,30.0,5.4,90,3.8,40.7,0.53
EV-9633,85.96,31.9,20.0,95,5.4,41.8,0.64
EV-9634,73.22,33.9,69.2,60,1.0,50.5,0.56
EV-9635,83.42,23.5,65.0,73,6.6,43.6,0.62
EV-9636,85.98,26.0,91.9,66,7.6,43.2,0.7
EV-9637,77.27,22.3,73.5,90,5.4,36.6,0.72
EV-9638,78.08,34.9,90.6,34,7.7,50.3,0.6
EV-9639,81.32,33.9,68.2,94,1.6,48.7,0.69
EV-9640,70.6,28.1,31.8,14,4.1,44.1,0.31
EV-9641,79.66,32.6,14.5,15,5.0,43.8,0.26
EV-9642,76.34,27.8,75.4,12,4.9,42.6,0.44
EV-9643,79.82,29.4,63.0,34,3.5,42.4,0.45
EV-9644,73.59,21.3,9.3,74,3.0,30.6,0.46
EV-9645,96.72,31.3,37.4,58,1.5,49.4,0.53
EV-9646,87.81,21.9,91.1,20,3.4,39.4,0.47
EV-9647,90.37,32.4,50.0,53,1.7,52.3,0.54
EV-9648,93.68,31.7,43.9,74,6.0,45.9,0.58
EV-9649,84.95,30.6,46.2,29,2.1,42.0,0.43
EV-9650,72.61,20.5,23.8,47,0.9,36.8,0.43
EV-9651,86.11,24.5,38.2,34,4.6,37.9,0.37
EV-9652,87.61,23.9,38.3,85,5.0,39.8,0.61
EV-9653,92.36,25.4,9.7,37,7.0,41.2,0.36
EV-9654,82.95,21.3,74.1,30,4.8,34.2,0.49
EV-9655,73.83,34.1,42.5,77,3.1,44.3,0.63
EV-9656,78.51,28.3,79.0,23,6.5,48.4,0.47
EV-9657,80.89,24.6,81.5,48,4.6,40.6,0.55
EV-9658,89.38,26.0,24.1,95,1.1,35.3,0.59
EV-9659,87.12,26.7,64.2,99,4.7,38.5,0.78
EV-9660,80.68,29.0,47.5,31,7.3,39.0,0.4
EV-9661,99.6,27.7,84.2,54,3.5,48.9,0.66
EV-9662,88.17,33.8,24.4,78,2.7,42.6,0.57
EV-9663,77.12,27.5,66.0,57,1.6,43.8,0.56
EV-9664,73.05,34.9,59.7,98,1.6,51.9,0.68
EV-9665,74.59,32.8,31.6,2,3.7,45.2,0.28
EV-9666,77.38,23.1,17.3,79,5.0,30.1,0.5
EV-9667,74.82,34.0,63.6,68,1.1,53.2,0.64
EV-9668,75.6,21.7,71.5,84,7.5,34.0,0.69
EV-9669,78.55,32.3,33.4,9,6.2,48.3,0.28
EV-9670,75.2,25.7,63.0,82,4.9,45.9,0.69
EV-9671,96.9,33.2,40.6,24,6.7,46.6,0.36
EV-9672,72.41,33.0,69.2,67,1.1,50.3,0.62
EV-9673,85.74,32.1,22.9,60,4.1,44.2,0.45
EV-9674,82.31,31.9,85.1,28,5.2,49.3,0.5
EV-9675,99.47,24.6,30.9,18,6.7,41.6,0.32
EV-9676,73.36,21.2,38.1,42,6.4,38.9,0.46
EV-9677,81.94,26.0,10.2,65,2.6,35.4,0.43
EV-9678,99.08,22.6,15.0,73,7.6,35.3,0.49
EV-9679,95.97,30.4,51.4,60,1.4,49.8,0.56
EV-9680,94.51,25.2,29.1,42,7.1,42.7,0.38
EV-9681,77.74,34.6,80.2,24,7.8,52.7,0.46
EV-9682,75.13,29.6,6.3,19,1.8,39.8,0.29
EV-9683,90.06,32.3,39.1,47,5.9,44.0,0.48
EV-9684,97.88,22.0,35.4,82,0.8,40.1,0.59
EV-9685,86.7,32.9,6.7,86,3.5,40.0,0.53
EV-9686,87.15,33.8,16.2,23,4.4,46.2,0.24
EV-9687,78.4,27.3,42.2,10,4.9,39.3,0.33
EV-9688,93.08,29.1,49.4,97,7.5,41.8,0.69
EV-9689,75.61,31.5,41.4,54,5.5,44.7,0.49
EV-9690,79.71,22.6,52.8,27,4.1,42.9,0.4
EV-9691,82.76,27.5,58.6,68,6.6,38.9,0.56
EV-9692,85.23,26.0,5.9,62,7.6,37.4,0.39
EV-9693,77.27,22.2,46.8,58,0.7,32.7,0.57
EV-9694,73.45,25.5,91.7,4,7.9,41.2,0.43
EV-9695,88.32,21.0,51.7,50,1.1,35.6,0.5
EV-9696,78.66,20.4,66.0,20,6.6,37.1,0.38
EV-9697,87.44,22.0,33.1,11,2.6,32.9,0.25
EV-9698,74.63,34.4,74.7,49,1.5,50.0,0.59
EV-9699,84.43,28.2,74.6,3,3.8,41.5,0.39
EV-9700,85.98,34.5,51.9,41,5.3,47.7,0.47
EV-9701,71.55,26.5,92.8,83,3.4,50.4,0.73
EV-9702,80.1,24.7,16.3,37,0.9,40.8,0.37
EV-9703,74.03,27.6,6.5,24,5.0,36.6,0.23
EV-9704,71.9,26.6,74.3,13,7.3,44.7,0.39
EV-9705,99.7,21.6,77.6,74,3.4,43.5,0.67
EV-9706,79.67,29.6,15.8,31,2.1,36.2,0.3
EV-9707,94.3,23.2,28.9,10,3.8,39.2,0.25
EV-9708,77.64,29.3,6.6,60,0.9,44.4,0.42
EV-9709,90.45,29.8,31.4,17,6.7,38.9,0.33
EV-9710,92.81,22.3,74.6,26,6.7,36.4,0.51
EV-9711,87.87,20.9,51.6,54,4.9,40.7,0.51
EV-9712,84.15,31.7,36.3,53,3.1,45.7,0.43
EV-9713,82.36,26.9,38.5,81,6.5,35.9,0.57
EV-9714,80.47,20.9,5.1,86,4.7,29.0,0.56
EV-9715,97.89,34.9,32.0,74,6.7,47.6,0.55
EV-9716,94.92,20.9,63.2,20,5.2,39.1,0.44
EV-9717,98.95,30.4,92.7,43,6.4,52.0,0.55
EV-9718,73.73,34.8,81.2,4,5.0,57.9,0.41
EV-9719,91.93,23.6,7.1,86,3.6,32.2,0.47
EV-9720,98.15,22.1,85.9,40,7.7,41.1,0.57
EV-9721,75.44,21.8,75.5,58,4.6,39.7,0.65
EV-9722,71.99,24.5,75.2,88,5.0,41.1,0.77
EV-9723,92.23,21.5,46.2,53,2.2,32.8,0.5
EV-9724,87.23,30.4,40.8,73,5.2,49.3,0.56
EV-9725,95.25,20.9,32.3,21,4.8,37.7,0.38
EV-9726,74.19,27.6,10.9,82,1.9,38.7,0.53
EV-9727,93.86,35.0,25.5,64,0.9,48.6,0.44
EV-9728,76.05,32.2,27.2,63,5.0,42.2,0.48
EV-9729,74.91,29.2,48.6,70,6.2,44.5,0.55
EV-9730,74.93,24.6,72.3,3,4.4,43.8,0.38
EV-9731,94.44,29.4,47.6,64,2.2,44.3,0.54
EV-9732,89.96,27.9,10.2,14,5.5,43.8,0.24
EV-9733,85.69,26.4,91.2,75,1.1,46.6,0.71
EV-9734,80.76,22.0,89.8,21,3.8,39.7,0.47
EV-9735,96.32,33.3,75.7,85,1.7,53.6,0.72
EV-9736,81.77,26.7,94.2,46,1.9,42.8,0.65
EV-9737,94.5,22.9,54.0,80,2.0,37.1,0.65
EV-9738,83.17,25.5,91.6,92,3.4,43.1,0.78
EV-9739,81.31,26.2,11.8,45,0.9,36.7,0.41
EV-9740,83.88,32.4,37.9,13,3.5,49.0,0.36
EV-9741,79.04,31.0,25.3,49,4.3,43.4,0.39
EV-9742,92.43,31.5,22.6,19,4.1,46.7,0.25
EV-9743,85.08,20.2,17.7,49,3.4,32.7,0.42
EV-9744,76.97,26.2,61.0,32,6.8,40.7,0.49
EV-9745,96.99,27.2,75.3,58,1.6,47.8,0.65
EV-9746,81.52,20.3,57.0,42,4.3,33.4,0.53
EV-9747,86.31,23.9,18.2,78,1.0,33.0,0.53
EV-9748,97.19,31.4,78.0,11,1.0,49.2,0.43
EV-9749,88.73,22.1,62.2,39,4.8,35.9,0.45
EV-9750,73.51,28.0,39.9,19,4.7,37.1,0.32
EV-9751,98.19,23.2,65.7,93,7.1,41.3,0.72
EV-9752,88.83,20.2,28.4,37,4.7,33.2,0.4
EV-9753,80.05,23.6,36.1,2,7.7,36.7,0.27
EV-9754,74.18,34.6,87.6,27,0.9,58.0,0.55
EV-9755,93.82,32.0,31.1,55,1.2,45.8,0.44
EV-9756,88.6,34.4,47.3,89,0.8,52.8,0.65
EV-9757,86.0,27.3,85.1,93,1.9,42.2,0.74
EV-9758,96.82,21.6,68.7,12,4.6,39.2,0.4
EV-9759,93.66,28.2,10.6,76,5.3,42.9,0.51
EV-9760,74.55,26.8,18.3,65,0.8,39.5,0.48
EV-9761,79.35,32.7,5.7,36,7.6,45.5,0.36
EV-9762,77.45,21.5,61.8,48,6.8,36.4,0.51
EV-9763,92.32,27.3,45.3,65,2.7,37.8,0.55
EV-9764,71.01,22.3,17.1,35,1.1,33.6,0.32
EV-9765,87.1,24.9,91.2,53,1.8,43.0,0.63
EV-9766,92.87,31.1,52.7,25,1.5,50.0,0.44
EV-9767,96.3,27.1,26.8,74,1.4,37.2,0.54
EV-9768,80.26,25.6,50.1,71,4.4,45.3,0.62
EV-9769,94.64,25.9,66.2,39,2.3,47.1,0.47
EV-9770,73.32,26.9,11.9,42,3.2,35.6,0.39
EV-9771,95.39,31.8,29.7,21,7.9,43.3,0.28
EV-9772,73.82,33.4,77.6,19,5.6,55.1,0.5
EV-9773,81.92,34.3,46.4,7,7.6,53.6,0.3
EV-9774,93.92,31.8,54.2,28,1.6,46.7,0.41
EV-9775,74.5,24.7,44.0,39,3.4,37.3,0.44
EV-9776,76.88,30.3,9.0,89,4.7,41.5,0.58
EV-9777,91.67,26.6,19.9,29,1.1,40.5,0.28
EV-9778,91.6,23.8,45.1,80,0.5,36.0,0.59
EV-9779,89.23,32.6,23.8,83,5.5,47.3,0.59
EV-9780,90.82,20.6,9.5,54,5.3,27.1,0.38
EV-9781,86.28,33.5,80.9,15,3.6,47.1,0.42
EV-9782,77.55,26.9,93.3,45,4.2,45.1,0.6
EV-9783,80.37,29.6,76.4,61,3.6,45.8,0.61
EV-9784,75.45,29.9,81.8,6,0.7,46.2,0.46
EV-9785,97.25,33.4,26.8,79,3.0,46.0,0.57
EV-9786,87.5,29.6,91.5,44,1.8,47.0,0.6
EV-9787,82.03,29.2,22.7,58,1.2,38.4,0.5
EV-9788,83.86,21.0,90.6,55,7.7,38.2,0.64
EV-9789,98.42,27.8,94.5,47,5.0,52.0,0.58
EV-9790,74.6,22.3,69.1,26,6.0,38.3,0.44
EV-9791,87.59,31.1,93.3,52,2.9,49.9,0.63
EV-9792,85.18,27.7,56.3,86,3.4,44.1,0.63
EV-9793,88.34,30.2,28.4,87,2.3,47.9,0.63
EV-9794,70.54,20.6,44.3,72,1.2,32.4,0.6
EV-9795,96.16,21.3,58.4,34,1.8,39.0,0.44
EV-9796,97.96,30.7,11.6,50,6.5,44.0,0.39
EV-9797,86.95,21.1,61.0,83,5.6,38.3,0.69
EV-9798,90.9,21.1,93.3,36,4.6,36.3,0.62
EV-9799,97.67,20.2,22.1,80,4.1,34.2,0.57
EV-9800,91.22,34.3,76.3,94,7.4,47.6,0.76
EV-9801,74.58,31.1,86.7,56,1.0,50.7,0.66
EV-9802,87.29,25.3,89.9,7,2.6,46.7,0.45
EV-9803,88.2,24.4,91.4,78,3.1,40.6,0.74
EV-9804,82.72,25.2,51.9,94,6.4,43.8,0.64
EV-9805,92.09,31.6,93.0,93,7.9,46.2,0.76
EV-9806,98.03,29.9,73.2,19,2.3,50.7,0.45
EV-9807,97.77,22.8,19.6,52,7.1,34.4,0.39
EV-9808,83.53,22.6,47.9,11,6.7,34.6,0.29
EV-9809,73.4,21.5,69.6,48,2.2,34.8,0.57
EV-9810,99.55,29.9,27.3,16,3.5,47.2,0.25
EV-9811,95.17,31.5,62.7,63,3.6,43.5,0.6
EV-9812,73.74,24.0,65.0,41,7.8,37.5,0.51
EV-9813,97.63,20.3,19.6,93,1.9,30.7,0.63
EV-9814,96.1,21.2,55.9,28,6.5,38.0,0.43
EV-9815,85.57,34.5,74.4,18,3.0,52.4,0.4
EV-9816,87.74,24.4,49.9,10,6.0,35.6,0.34
EV-9817,81.97,31.5,6.1,97,3.7,40.0,0.59
EV-9818,71.64,29.4,5.8,49,4.8,37.4,0.41
EV-9819,80.06,25.7,37.1,70,6.7,36.5,0.53
EV-9820,94.09,23.1,88.4,57,6.5,41.1,0.63
EV-9821,70.14,21.8,25.6,33,7.0,36.4,0.4
EV-9822,80.0,29.2,62.1,19,0.9,42.6,0.38
EV-9823,81.95,31.6,25.0,49,5.7,42.8,0.43
EV-9824,86.12,29.7,34.0,87,1.5,42.0,0.59
EV-9825,97.6,28.0,81.3,9,3.6,50.9,0.38
EV-9826,80.39,20.6,70.6,31,4.6,42.2,0.47
EV-9827,80.41,34.5,13.6,51,3.5,48.9,0.37
EV-9828,92.13,32.0,43.6,14,4.4,43.8,0.36
EV-9829,83.57,24.4,7.6,83,8.0,30.8,0.55
EV-9830,76.74,34.7,48.3,2,1.5,47.7,0.28
EV-9831,83.57,29.0,64.6,36,5.6,43.1,0.52
EV-9832,74.23,28.7,15.7,39,3.5,40.3,0.31
EV-9833,75.29,31.2,31.0,71,1.5,47.1,0.53
EV-9834,84.95,32.2,40.8,39,1.7,49.9,0.39
EV-9835,82.57,29.8,87.8,55,7.6,52.0,0.68
EV-9836,97.45,21.9,94.4,22,7.1,39.9,0.55
EV-9837,80.87,25.1,9.0,10,7.3,37.9,0.23
EV-9838,87.42,33.9,73.5,63,7.9,49.4,0.65
EV-9839,88.97,23.4,38.5,7,2.1,32.9,0.31
EV-9840,70.39,25.6,40.3,92,3.2,41.6,0.69
EV-9841,89.91,26.5,72.9,93,5.5,38.9,0.76
EV-9842,75.34,26.6,87.7,55,4.1,44.5,0.68
EV-9843,98.83,29.2,90.6,59,3.6,46.6,0.66
EV-9844,74.46,34.1,56.9,9,3.2,51.7,0.32
EV-9845,82.44,23.6,37.1,38,5.0,40.0,0.42
EV-9846,72.56,21.8,75.9,27,4.8,37.4,0.45
EV-9847,99.91,23.0,27.6,48,1.7,38.9,0.43
EV-9848,85.07,33.3,55.8,35,4.0,46.8,0.46
EV-9849,87.86,29.7,37.3,12,4.7,42.9,0.32
EV-9850,72.01,24.3,64.1,95,4.8,43.0,0.67
EV-9851,92.5,32.2,26.6,35,2.1,46.8,0.34
EV-9852,76.3,32.9,22.2,25,6.1,50.0,0.32
EV-9853,96.94,32.7,87.6,85,0.7,48.7,0.8
EV-9854,76.15,33.8,14.2,3,3.2,46.8,0.19
EV-9855,75.72,23.8,50.5,94,6.4,39.9,0.67
EV-9856,71.1,31.3,24.9,81,4.7,47.9,0.57
EV-9857,84.16,26.9,8.5,63,2.5,34.3,0.44
EV-9858,86.95,32.6,8.2,37,5.7,45.9,0.3
EV-9859,71.97,30.9,20.8,87,4.8,43.7,0.55
EV-9860,93.27,31.6,83.0,86,6.5,47.6,0.71
EV-9861,83.6,29.8,30.4,21,6.0,42.6,0.37
EV-9862,85.73,22.7,90.5,1,5.1,40.1,0.39
EV-9863,83.22,28.2,57.3,30,4.2,44.7,0.43
EV-9864,82.02,34.8,44.3,10,1.5,53.1,0.28
EV-9865,86.79,34.1,57.2,91,2.5,50.5,0.66
EV-9866,74.66,20.6,51.5,45,3.6,37.1,0.51
EV-9867,75.46,22.5,73.3,95,5.0,40.0,0.72
EV-9868,95.85,22.0,30.4,61,4.4,30.6,0.44
EV-9869,98.38,30.9,36.8,68,2.7,41.9,0.53
EV-9870,81.2,32.3,85.5,63,0.5,50.8,0.61
EV-9871,78.12,23.2,90.2,9,4.2,40.3,0.42
EV-9872,89.32,27.6,85.3,39,2.6,42.9,0.59
EV-9873,82.26,32.6,42.8,23,6.0,46.9,0.4
EV-9874,70.76,31.0,75.2,98,0.7,46.7,0.81
EV-9875,74.68,28.1,47.9,43,4.9,40.5,0.5
EV-9876,91.48,28.9,49.8,59,7.6,43.5,0.55
EV-9877,89.77,27.6,23.4,61,1.8,36.3,0.42
EV-9878,70.81,24.5,58.2,86,4.0,44.6,0.7
EV-9879,76.66,28.5,21.8,16,1.2,44.4,0.31
EV-9880,76.93,30.3,34.8,64,5.2,45.9,0.54
EV-9881,90.16,33.1,82.0,94,4.6,47.4,0.77
EV-9882,70.59,29.5,23.6,94,3.6,44.6,0.57
EV-9883,73.12,31.4,11.4,56,4.4,45.6,0.44
EV-9884,94.0,22.4,11.2,54,7.2,36.2,0.42
EV-9885,75.36,26.9,89.7,52,2.0,42.0,0.68
EV-9886,89.58,20.1,50.6,55,0.7,36.6,0.49
EV-9887,77.15,23.7,41.8,97,7.0,41.2,0.64
EV-9888,72.98,30.9,78.0,8,4.8,49.5,0.39
EV-9889,77.3,34.9,80.2,21,7.2,54.4,0.5
EV-9890,91.67,21.5,34.9,12,5.0,34.6,0.27
EV-9891,95.67,26.0,67.4,88,6.6,43.0,0.66
EV-9892,94.91,32.0,74.4,47,3.7,44.8,0.61
EV-9893,81.92,23.1,63.9,17,6.1,40.9,0.36
EV-9894,90.04,28.3,18.6,75,7.3,36.0,0.54
EV-9895,76.15,31.0,83.8,39,4.8,48.7,0.54
EV-9896,78.79,29.2,53.5,16,1.9,42.5,0.41
EV-9897,96.89,22.8,30.4,14,2.5,36.3,0.3
EV-9898,70.39,25.3,43.3,14,2.0,36.0,0.38
EV-9899,72.57,31.8,8.4,78,2.4,44.6,0.53
EV-9900,76.24,28.3,16.5,62,2.8,42.9,0.4
EV-9901,70.8,20.1,73.9,38,4.7,34.1,0.48
EV-9902,75.44,31.4,5.0,12,4.9,37.9,0.19
EV-9903,87.49,20.5,42.5,80,3.7,31.2,0.61
EV-9904,82.64,31.2,52.0,31,5.1,50.2,0.47
EV-9905,96.78,23.0,9.9,8,1.1,34.3,0.21
EV-9906,94.52,34.4,92.6,39,1.2,53.3,0.59
EV-9907,80.25,25.5,25.4,19,1.8,34.1,0.27
EV-9908,77.78,24.9,32.4,89,4.4,39.6,0.63
EV-9909,81.39,22.2,32.4,90,2.1,39.1,0.65
EV-9910,87.71,24.6,25.7,84,2.6,40.5,0.54
EV-9911,78.04,33.1,5.1,81,3.5,44.9,0.49
EV-9912,88.72,34.9,70.6,76,6.6,47.7,0.62
EV-9913,82.28,25.5,92.0,79,0.6,40.8,0.75
EV-9914,86.56,26.7,25.2,72,5.4,34.7,0.51
EV-9915,83.08,30.8,64.7,62,5.5,44.8,0.56
EV-9916,78.83,33.3,71.8,75,6.5,46.8,0.66
EV-9917,98.45,28.9,81.4,43,7.5,44.6,0.55
EV-9918,92.91,25.9,43.0,37,0.7,39.1,0.43
EV-9919,74.2,26.2,32.3,82,1.7,43.9,0.58
EV-9920,96.05,30.4,34.3,59,7.1,44.9,0.44
EV-9921,84.62,20.0,69.1,70,3.9,40.3,0.66
EV-9922,96.84,29.3,78.5,98,4.7,49.3,0.8
EV-9923,94.0,25.3,21.3,47,5.5,33.6,0.39
EV-9924,82.76,31.9,38.4,17,5.6,48.1,0.29
EV-9925,70.67,21.4,86.2,15,7.5,37.8,0.49
EV-9926,78.06,28.8,77.6,54,8.0,48.0,0.64
EV-9927,86.25,27.2,93.6,38,5.9,45.0,0.56
EV-9928,89.0,29.6,72.9,67,2.7,51.9,0.62
EV-9929,77.74,21.0,40.4,58,7.1,32.7,0.47
EV-9930,74.18,28.7,58.2,88,0.9,42.3,0.68
EV-9931,95.05,28.4,64.5,95,2.2,49.2,0.69
EV-9932,99.53,28.4,12.1,61,7.2,34.9,0.42
EV-9933,85.77,29.1,54.0,12,2.4,46.5,0.38
EV-9934,75.15,30.1,68.8,80,2.2,49.2,0.68
EV-9935,78.17,32.1,20.1,5,1.5,47.5,0.22
EV-9936,70.55,24.0,75.3,82,6.9,46.3,0.7
EV-9937,97.43,32.4,57.5,76,4.3,52.9,0.63
EV-9938,73.53,27.5,90.7,59,5.6,42.2,0.61
EV-9939,87.3,21.2,8.8,89,2.3,35.3,0.49
EV-9940,78.22,20.9,28.9,13,6.2,35.3,0.33
EV-9941,86.63,25.0,59.1,94,6.2,42.4,0.66
EV-9942,89.54,31.8,31.7,53,2.8,41.3,0.48
EV-9943,94.89,30.6,69.3,3,3.6,49.0,0.41
EV-9944,76.19,31.8,73.3,38,2.1,54.0,0.5
EV-9945,70.33,27.8,14.2,71,7.8,43.3,0.46
EV-9946,74.11,26.6,51.2,24,5.3,41.1,0.41
EV-9947,97.0,22.2,50.8,76,7.5,32.7,0.64
EV-9948,96.22,24.9,38.2,31,2.8,37.3,0.43
EV-9949,87.92,26.5,89.0,58,6.4,48.7,0.67
EV-9950,88.02,21.3,79.5,62,6.2,41.3,0.6
EV-9951,89.95,23.3,67.7,37,5.7,39.7,0.52
EV-9952,75.26,29.0,69.3,91,7.7,41.5,0.71
EV-9953,97.43,31.0,46.6,52,3.5,44.9,0.49
EV-9954,82.56,35.0,87.9,93,1.5,53.5,0.74
EV-9955,81.49,34.0,67.5,66,5.5,55.0,0.59
EV-9956,85.57,29.6,70.6,27,6.0,48.1,0.5
EV-9957,71.41,26.3,82.6,2,4.8,42.7,0.4
EV-9958,74.99,29.5,29.7,97,2.1,42.7,0.61
EV-9959,92.14,31.8,77.6,79,4.3,45.2,0.69
EV-9960,72.48,21.8,22.6,21,2.8,38.8,0.34
EV-9961,88.09,26.1,36.1,95,3.7,38.3,0.66
EV-9962,77.36,32.6,35.2,37,5.3,45.9,0.38
EV-9963,81.68,25.8,93.1,71,6.1,43.7,0.68
EV-9964,78.66,28.6,82.1,71,2.2,48.6,0.66
EV-9965,80.67,28.8,68.1,61,3.5,47.2,0.64
EV-9966,91.57,22.8,70.4,56,2.5,42.0,0.59
EV-9967,78.91,25.4,55.6,5,2.0,38.6,0.34
EV-9968,86.99,25.0,90.2,77,6.4,42.2,0.74
EV-9969,84.28,20.4,49.7,31,7.3,31.6,0.41
EV-9970,89.91,20.4,39.2,98,3.3,35.9,0.69
EV-9971,98.1,32.5,19.7,9,6.1,39.9,0.25
EV-9972,91.98,24.1,75.8,2,7.2,42.7,0.35
EV-9973,76.45,27.8,71.1,58,6.8,48.6,0.56
EV-9974,70.94,24.5,39.6,75,1.9,42.4,0.57
EV-9975,77.87,34.1,7.3,48,7.7,44.3,0.41
EV-9976,87.85,23.9,80.5,58,3.3,41.5,0.6
EV-9977,71.54,26.4,6.0,30,3.0,32.8,0.32
EV-9978,84.89,33.1,68.3,92,1.0,51.6,0.75
EV-9979,87.91,32.6,92.3,68,4.1,55.0,0.67
EV-9980,80.03,22.8,44.4,61,1.3,34.7,0.48
EV-9981,93.13,32.0,26.1,51,2.4,43.8,0.39
EV-9982,73.2,26.9,68.4,88,2.9,47.1,0.73
EV-9983,72.25,27.2,78.5,40,6.6,48.8,0.52
EV-9984,91.85,22.0,54.2,30,7.1,34.9,0.42
EV-9985,84.86,21.2,92.0,84,2.8,40.9,0.76
EV-9986,90.65,30.9,9.7,83,6.9,38.8,0.53
EV-9987,83.04,27.4,50.4,21,6.9,38.5,0.35
EV-9988,77.39,26.6,69.7,3,6.2,47.7,0.36
EV-9989,94.57,30.9,82.6,12,1.6,52.4,0.44
EV-9990,93.98,31.5,21.1,44,5.7,46.2,0.39
EV-9991,90.84,22.4,77.0,41,7.6,35.6,0.58
EV-9992,78.16,29.2,54.7,48,5.6,48.1,0.47
EV-9993,87.71,22.0,40.7,19,3.0,35.5,0.38
EV-9994,80.83,31.3,16.9,76,4.3,41.4,0.52
EV-9995,72.75,29.9,82.9,80,5.3,48.7,0.72
EV-9996,97.52,34.3,19.2,53,4.3,42.1,0.44
EV-9997,74.1,21.0,32.9,35,1.4,36.9,0.38
EV-9998,98.51,20.9,31.1,96,2.8,34.8,0.59
EV-9999,83.38,24.2,83.4,0,6.5,39.4,0.42
